Test,7c4a8d09ca3762af61e59520943dc26494f8941b
a,70c0b29d078e1ff42a3d235883ce5eb8646be3f3
sfsfg,4a8a9fc31dc15a4b87bb145b05db3ae0bf2333e4
s,3b15a4ea80087c146ac83727ec872e1daa0d828e
fgsfg,ec1bec7180ec9c7a3db07d09e94d6b91c19e0d56
sdfgs,4dc7c9ec434ed06502767136789763ec11d2c4b7
r,da39a3ee5e6b4b0d3255bfef95601890afd80709
,4319532d06f89043050ea21507430c45dcbfdcf9
thsths,a72ebae625df1ce2c6a7b8b81bfcd056b0741267
sh5ewh,b2fac8ca1489a5be1c52f26b91bfc8315bd938ab
hsgs,df69ede3a22b256a433a489cf98caba8d5bbca62
,21be9f7c61fd2605eb3cb4aaa5fe90e438254e4d
trhw,cc9333134b581c1afae729152993db7a81de7ee0
whstrhs,8e77f49f827b66c39fd886f99e6ef704c1fecc26
ths,469a8bc148a82dd7952b775efa3457a0dbdc977c
y,0ff00a841ca76f8d1d03d3a9a5e80c46fa014255
s,8e77f49f827b66c39fd886f99e6ef704c1fecc26
thst,14e120bf9e9bc31dc925feb749834549fd6568c8
w46wt,1b9937525b82a3215c8d5d611b5bda1375d06feb
st,aff024fe4ab0fece4091de044c58c9ae4233383a
